"Opportunity Name","Twilio Number"
"16320-8","+12054534948"
"01790-1","+12018446730"
"03930-1","+18884538424"
"19653-1","+14094202848"
"10600-1","+19734409239"
"12126-3","+19562846676"
"10600-2","+19735124824"
"04027-3","+17203582994"
"06625-1","+19203546529"
"16676-7","+19188764442"
"16710-64.1","+14356714094"
"04045-1","+13232714218"
"11435-1","+17033490446"
"12126-1","+19562677659"
"10603-1","+19738665592"
"12126-2","+19562675895"
"19653-2","+14094202854"
"04349-1","+14804781918"
"16313-1 Spanish","+16265931549"
"23525-1","+19524666554"
"22425-1","+19252349688"
"22425-2","+19253085416"
"01570-1","+13055084007"
"01578-1","+15104038125"
"19640-9 Perfect Smiles","+15089386355"
"05670-4","+12064625948"
"04705-1","+18016853977"
"05455-1","+15082814836"
"18405-1","+17072074603"
"22385-1","+19095818121"
"03930-2","+19376120133"
"01570-2","+13055085416"
"18410-14","+19724719630"
"18410-12","+19724719104"
"01300.01520-2","+18666321610"
"01300.19815-1","+18888756541"
"23165-1","+15122719330"
"08655-4","+12253084468"
"08135-1","+15122984749"
"02992-1","+14086808936"
"03295-1","+15129008367"
"08655-11","+12253728717"
"08655-12","+12253470671"
"13850-2","+18017349037"
"08135-3","+15122982528"
"19763-3","+18187218698"
"04071-1","+13022859196"
"16850-8","+16789925549"
"08090-2","+16146554892"
"01300.16050-3","+18773083753"
"11840-1","+12693480671"
"02541-3","+14083894224"
"19355-5","+15033453234"
"19455-2","+16787920005"
"02703-1","+14062724802"
"09560.07690-2","+13608364992"
"02600-1","+13607460463"
"19808-3","+14083356479"
"08655-14","+12253690140"
"05850-1","+14089339979"
"07600-3","+18036199173"
"01300.19805-1","+18773084507"
"02225.13050-1","+18323918268"
"14600-1","+18015289084"
"14575-2","+16144271684"
"16050-5","+16829904355"
"01650.11007-4","+18324782317"
"18205-1","+14086456779"
"06600-9","+18325351352"
"03970-9","+18322632102"
"03500-2","+18019801885"
"22410-11","+12143804457"
"14575-3","+16145089116"
"01650.12601-2","+12813100622"
"16674-4","+13073631683"
"16005-1","+12039096494"
"18410-2","+19723720922"
"14405-1","+15105647185"
"18050-9","+13109351678"
"08080-1","+12087576907"
"01056-3","+18179534366"
"06700-4","+12404159793"
"08475-6","+18887789658"
"01300.12005-5","+18887780034"
"01300.06770-4","+18552317415"
"05565-2","+18189624074"
"02570-1","+15612353218"
"01375-1","+16152008938"
"03280-1","+14073954393"
"01497-3","+14352670388"
"12280-6","+12105100649"
"16700-14","+12084954887"
"03375-13","+14433518295"
"16150-2","+12038368315"
"04350-9","+15054361092"
"02550-1","+18179533118"
"09560.23607-3","+15039128721"
"16050-8","+18179532566"
"05515-1","+17853803136"
"08070-2","+18312963329"
"08040-2","+15594156983"
"12620-1","+12082623609"
"09560.03660-1","+14053679919"
"06600-7","+12817127192"
"03850-2","+18015132104"
"08655-10","+12253040197"
"03295-2","+15125200397"
"13980-1","+18776406910"
"03270-12","+17634474061"
"01300.10075-4","+18882281328"
"16672-2","+14155231769"
"04225-2a","+12038836329"
"20975-3","+13019098456"
"06495-7","+19739377910"
"01300.12750-5","+18668669940"
"01300.03090-3","+18773602008"
"18050-1","+14247724460"
"07750-4","+18173109362"
"01300.12075-2","+18638772899"
"02270-2","+19729056424"
"01300.10125-2","+18773312784"
"08780-2","+16265399358"
"02540-4","+14087800654"
"16650-13","+16144500576"
"01300.19090-4","+18668116003"
"01300.19090-5","+18668116003"
"01300.19805-5","+18668666537"
"06560-1","+12089182475"
"02950-3","+16789356315"
"04300-1","+12814070464"
"03615-2","+19103384661"
"14610-3","+18322809036"
"08474-4","+18887789727"
"08475-8","+18884433194"
"09560.14615-1","+12534664305"
"01300.12005-2","+18557411027"
"13400-4","+19727528558"
"03970-13","+18322633424"
"03006-3","+16147019836"
"08474-1","+18557411025"
"06940-1","+18015059820"
"16710-17","+14356575075"
"04105-1","+12819782510"
"01650.12601-6","+12812499245"
"01300.13350-5","+18668114115"
"04350-3","+15054361443"
"01300.23050-5","+18668662033"
"16320-1","+12052080064"
"23175-2","+12818102549"
"04240.200-1","+13525335463"
"02090-13","+15594817983"
"06010-2","+17707440519"
"18613-3","+12095428611"
"08475-7","+18887808951"
"04399-14","+18173804074"
"02540-5","+14087802632"
"08100-2","+16146649697"
"03373-1","+17027061263"
"08150-1","+12146666089"
"01300.06855-1","+18772568594"
"13400-1","+19727528424"
"07100-1","+15712489482"
"13400-2","+19727528424"
"15525-5","+17739777526"
"01650.13194-2","+12813100680"
"01650.11007-5","+18324782210"
"22305-3","+12089182189"
"19850-2","+19403209959"
"16005-4","+12032000400"
"19850-3","+19403121962"
"18205-3","+14084750008"
"01650.12601-1","+12819782505"
"19640-6","+15083438670"
"15750-3","+14075057089"
"06700-2","+12404159785"
"01300.10055-1","+18888756914"
"19397-4","+17548885998"
"02710-2","+18305002488"
"14240-5","+15082630826"
"04265-3","+12143904039"
"16850-7","+16789924844"
"11260-3","+15092037807"
"06940-2","+18019819900"
"01300.06770-3","+18552115299"
"19075.04450-1","+18155642047"
"16710-61a","+14356714221"
"19397-7","+19542712694"
"10298-2","+16788136195"
"08655-17","+12253699184"
"16675.22400-3","+16147019082"
"18403-5","+12545774135"
"13650-17","+12253724796"
"06700-3","+12404159779"
"05875-2","+17039881183"
"04070-14.2","+13024648394"
"04350-7","+15054361019"
"20610-11","+12102459473"
"13070-1","+17039883643"
"04400-5","+17736884290"
"03375-4","+14437634772"
"03375-3","+14437634772"
"06600-6","+12817127188"
"19705-2","+16822006424"
"19705-4","+16829905343"
"03295-4","+15126669543"
"13400-3","+19727528558"
"05100-1","+14057783814"
"20060-2","+18884447892"
"01300.01900-2","+18773085636"
"01300.02050-2","+18773085227"
"01300.12450-2","+18773317122"
"01300.03210-4","+18887304212"
"01300.09550-5","+18882281640"
"18403-4","+12542136507"
"01300.23050-2","+18773313952"
"03025-2","+13108536712"
"14475-4","+18019802084"
"01300.13110-3","+18882197175"
"18613-1","+12095853599"
"01300.23500-5","+18668666882"
"01300.16675-3","+18773082945"
"01300.19075-4","+18668114621"
"01300.23500-4","+18668666882"
"20610-1","+12105690383"
"20800-1","+12085141588"
"01490-1","+12818096568"
"01800-2","+14252962098"
"01055-3","+18175271665"
"01300.01900-1","+18773085636"
"18403-1","+12544498110"
"05010-1a","+12156002784"
"05010-1b","+12156002785"
"01070-4","+14846260013"
"03295-3","+15129940791"
"13850-3","+18017349037"
"08505-4","+15126669544"
"03850-1","+18015132103"
"04235-1","+19362305444"
"04235-3","+19368284333"
"07100-4","+17039883869"
"01300.23050-4","+18668662033"
"01300.16345-5","+18668118187"
"14475-1","+18019801173"
"16000.06180-2","+15104560935"
"18404-3","+12542137900"
"15525-10","+13122929209"
"16650-18","+16144502119"
"10298-1","+16788131970"
"05670-3","+12067455821"
"09560.07690-1","+13608364130"
"10297-3","+16309237991"
"19850-4","+19406001294"
"18204-3","+14159378475"
"05010-2a","+12673419880"
"19750-3","+14432926956"
"16700-10","+12086155903"
"03970-6","+12818498854"
"15750-4","+14075057634"
"15750-1","+14079823124"
"01650.18029-1","+12818498804"
"01300.03895-3","+18772594424"
"01300.06750-5","+18882281948"
"23377-4","+13076551873"
"02090-8","+15594817026"
"02090-9","+15594817027"
"01300.19815-4","+18552529664"
"14475-5","+18019802825"
"01300.20680-4","+18552529665"
"08475-2","+18552529660"
"04245.100-2","+15034333913"
"02800-2","+18605415835"
"13097.05700-2","+17604567864"
"19757-1","+18187328549"
"05925-2","+13109813356"
"02541-1","+14084793191"
"18403-6","+12542384221"
"18404-6","+12542204273"
"11260-4","+15097784506"
"19355-3","+15033898708"
"09560.14610-1","+14259080992"
"23377-1","+13076551216"
"16710-61e","+14356714221"
"04240.100-1","+13524621642"
"01650.12601-9","+12818108396"
"16850-14","+16789996013"
"11626-1","+19782281985"
"23090-1","+12035280422"
"12465-1","+15178790511"
"01499-1","+13109046690"
"18575-1","+17606213715"
"00105-1","+12146133486"
"15900-1","+18052705913"
"14240-3","+15082819865"
"09702-3","+14098775022"
"07780-1","+13077635351"
"03375-2","+14436795026"
"11215-3","+19726387938"
"01300.02050-3","+18882071938"
"19396-1","+17545515581"
"01680-3","+15714293644"
"19725-1","+18053721950"
"03375-8","+14109276995"
"05100-2","+14057783316"
"01300.06855-3","+18664972665"
"01300.16050-2","+18883062869"
"01300.16675-2","+18773084214"
"07100-3","+17039883899"
"18610-3","+19729056370"
"15525-9","+13122411931"
"16540-3","+18157823202"
"01300.13700-4","+18668666218"
"14475-2","+18019801659"
"23175-4","+12818109342"
"16000.19100-1","+14084796237"
"20610-6","+12105988950"
"16710-48","+14356714237"
"13375-2","+12052089274"
"14610-2","+18324033009"
"03615-3","+19103384663"
"03850-4","+18019893426"
"04071-2","+13022859196"
"16540-4","+18157823928"
"04070-7","+13024646641"
"02540-3","+14087801419"
"16260-4","+15713547824"
"04400-4","+17736888602"
"02540-1","+14085962558"
"03385-1","+14352671074"
"16660-1","+16505329695"
"08780-1","+16268172902"
"08780-3","+16262192784"
"01300.03090-5","+18887304254"
"19705-3","+16829905291"
"08505-3","+15129940792"
"06495-4","+19739288018"
"01300.12075-6","+18638772899"
"19705-1","+16822007079"
"16030-1","+17409198714"
"19785-1","+19089776300"
"01375-5","+16159530290"
"01300.13110-6","+18666961195"
"01300.10055-3","+18552529658"
"11257-1","+16315093221"
"02600-2","+13607460532"
"15007-1","+19152577813"
"11100-3","+18052887788"
"08450-5","+18157338467"
"16710-61c","+14356714221"
"20280-2","+12148659323"
"19808-2","+14085962983"
"18205-2","+14088837057"
"07260-5","+15052269815"
"16650-8","+16143982581"
"13650-8","+12253179796"
"13650-12","+12252552242"
"16674-3","+13073631679"
"15750-2","+14074951787"
"02950-1","+16782504699"
"18480-1","+12039031466"
"12175-2","+18179536509"
"01497-2","+14352671026"
"02090-10","+15594817035"
"01800-4","+14259993084"
"15740-5","+17086207718"
"23050-1","+17604520157"
"04350-2","+15054272967"
"08090-1","+16146558904"
"07760-1","+14085962543"
"18402-5","+12548536362"
"16850-4","+16789543165"
"13825-5","+12196541922"
"06515-1","+18015131945"
"18435-2","+15127654121"
"13450-1","+13109813355"
"14240-4","+15082819204"
"07703-1.1","+17405270153"
"03840-1","+14135796101"
"16674-10","+13073631946"
"04029-1","+19492846562"
"16650-15","+16144500592"
"04650-3","+18884433323"
"19397-8","+19542715947"
"07020-4","+14109217999"
"05925-1","+13109813613"
"19365-5","+14237719596"
"03665-5","+15094267944"
"19355-4","+15038946270"
"05950-1","+12252867971"
"02090-14","+15594817538"
"14610-1","+12813973739"
"13160-3","+15097950544"
"13160-2","+15095901341"
"18600-2","+15853660377"
"11215-1","+14698283711"
"01300.16345-2","+18773083657"
"01300.10225-2","+18773050394"
"18402-1","+12542310016"
"20050-3","+14082909931"
"22180-2","+17079997752"
"01650.18029-3","+12818498855"
"01300.03550-5","+18887304010"
"08655-15","+12253690142"
"08655-19","+12253470638"
"03660-5","+14355252017"
"06495-12","+19739378907"
"26410-3","+14354141996"
"18603-5","+18454595379"
"01800-3","+12064573766"
"06600-1","+12817256570"
"08655-2","+12253084468"
"16050-1","+18172007758"
"19400-2","+18017544791"
"19400-7","+18017544622"
"23800-1","+13049336410"
"13825-4","+12196541500"
"20050-1","+14086634923"
"22180-1","+17079994498"
"01300.12750-4","+18668669940"
"08780-4","+16269990927"
"01300.25950-6","+18665867931"
"06560-2","+12089018285"
"16260-6","+15714188999"
"16000.03210-2","+14083895341"
"16000.19100-2","+14083896653"
"03665-1","+15094267558"
"01540-1","+15155190436"
"04350-6","+15054361036"
"01300.10055-5","+18667669849"
"14965-1","+12816710902"
"04072-3","+17402003292"
"06412-1","+17813097547"
"16320-6","+12054534842"
"18555-3","+16265981391"
"16004-1","+16787855318"
"15525-12","+13124488941"
"06495-6","+19733070833"
"12240-3","+12819782487"
"01650.12601-3","+18324080208"
"22410-9","+12143804647"
"01450-1","+12039031427"
"04380-1","+15207322749"
"14600-3","+18013178952"
"14600-4","+18014363088"
"01300.13890-3","+18773607889"
"01300.13350-3","+18882412826"
"01300.16345-4","+18668118187"
"07600-4","+18036190519"
"01300.13110-5","+18668114112"
"01300.23500-3","+18883063785"
"04350-4","+15054361014"
"11495-1","+18622516942"
"04070-6","+13024646640"
"01375-4","+16159538581"
"01300.13110-1","+18663165710"
"01375-3","+16156496945"
"04396-1","+16145268580"
"13375-3","+12059942934"
"18402-9","+12545984024"
"04350-8","+15054361041"
"03375-11","+14433518293"
"03375-12","+14433518293"
"04350-5","+15054361001"
"19380-2","+15082527027"
"04395-2","+12813783199"
"13650-16","+12252552091"
"02965-3","+18056034915"
"23377-2","+13076551495"
"03960-1","+12816710979"
"09560.13180-4","+14085025004"
"19135-3","+16303183253"
"13825-6","+12199853195"
"11840-2","+12693480284"
"16030-6.1","+17409196690"
"03970-2","+18325324387"
"13160-4","+15093151998"
"01300.20680-1","+18552115303"
"01300.10070-5","+18882281392"
"01300.10125-3","+18665855990"
"01300.13080-3","+18773085635"
"01300.03210-1","+18772598541"
"01300.13080-1","+18773051959"
"08655-24","+12253699616"
"19400-13","+18016582281"
"18600-4","+15853910020"
"12440-1","+17039554797"
"09560.14615-4","+12532009904"
"09560.16690-4","+19712380172"
"04399-10","+18174940193"
"01650.18029-2","+12818498853"
"16710-33","+14357092555"
"12280-3","+12106791691"
"14600-5","+18014363320"
"18485-2","+12089182254"
"23800-2 & 3","+13046990353"
"01300.12075-1","+18632260876"
"03250-1","+16782758881"
"16700-6","+12085141589"
"08655-3","+12253084468"
"19400-4","+18017544785"
"18404-2","+12544498659"
"01300.03475-2","+18772609530"
"08050-2","+18018719487"
"01300.07890-5","+18882281644"
"04070-4","+13024646895"
"18403-3","+12542384372"
"20610-10","+12102011495"
"07780-8","+13076551146"
"19695-2","+15102442957"
"01300.01520-1","+18666290432"
"03920-1","+13147171451"
"02965-2","+18059107917"
"20060-3","+18887808850"
"16710-61d","+14356714221"
"19720-2","+16616656146"
"16650-16","+16144500660"
"19394-2","+17133963547"
"18575-2","+17606214391"
"03665-2","+15094263084"
"01003-1","+13238348350"
"16700-16","+12085051971"
"01610-1","+16789356311"
"09560.01030-1","+15038946809"
"07703-1.2","+17405270153"
"19634-1","+14803592557"
"03905-1","+18102075862"
"23420-1","+18174761903"
"18555-1","+16262092151"
"04071-4","+13022859479"
"19397-2","+19542711463"
"22410-5","+12142476972"
"05010-2b","+12672441049"
"13850-4","+18019004132"
"14575-4","+16145089130"
"15525-6","+17736445791"
"04399-9","+18174940820"
"01300.25950-3","+18887058553"
"23175-3","+12814077968"
"16030-2","+17409198714"
"01300.23225-4","+18668661957"
"01300.19805-3","+18773083712"
"01300.14650-4","+18668113335"
"08400-1","+17173127428"
"02210-3","+12814075055"
"04055-1","+16034630201"
"01300.19805-4","+18668666537"
"01300.14650-5","+18668113335"
"08400-4","+17173127864"
"03006-1","+16146002890"
"19650-3","+18017815513"
"04700-1","+18014491940"
"03262-1","+13214739189"
"18610-2","+19729056816"
"16255-2","+18013962728"
"03667-1","+12525153774"
"02990-6","+19402021699"
"02084-2","+14803592759"
"01300.07890-1","+18772767393"
"01300.19075-1","+18773084329"
"01300.12750-1","+18773313071"
"07703-2","+17405270927"
"08474-2","+18887780040"
"07760-3","+14085025009"
"08100-1","+16146642479"
"11215-11","+12148658726"
"03615-8","+19108333183"
"08450-3","+18153202881"
"13400-7","+19723321756"
"23419-1","+18479040659"
"03840-2","+14135796458"
"01300.10125-4","+18882281124"
"01650.11900-1","+12814077982"
"18402-2","+12542070320"
"03025-3","+13109813508"
"01300.10070-3","+18664778671"
"03375-10","+14433518288"
"13070-4","+17039881868"
"03615-6","+19108331951"
"18410-5","+14692002654"
"13980-4","+18605132988"
"16030-3","+17409196482"
"16674-11","+13073631933"
"03280-2","+14073954395"
"16260-5","+15714889945"
"19365-2","+14238259974"
"16660-2","+16504161369"
"04399-6","+18174940058"
"23020-5","+18018954390"
"01300.12405-9","+18888756083"
"08400-2","+17173127852"
"19400-5","+18017544611"
"19400-8","+18016580940"
"23090-3","+12037217950"
"02075-1","+16196180198"
"01300.03475-1","+18772609530"
"01300.10225-1","+18773050394"
"13825-2","+12192001294"
"22180-3","+17079994749"
"13945.13977-2","+12818109033"
"01300.12405-8","+18883061231"
"06125-2","+18018969303"
"08475-3","+18557622180"
"19396-4","+19542712897"
"03970-18","+18325292187"
"19400-15","+18016582779"
"03840-3","+14135798044"
"02703-3","+14062724787"
"19626-1","+18472815825"
"04348-1","+15593722013"
"12280-8","+12104174917"
"22411-2","+19725906413"
"19715-2","+16036172009"
"02570-2","+15619485911"
"13097.05570-2","+17604567886"
"13097.05700-1","+17604567655"
"09560.14610-4","+14253298823"
"02540-7","+14084989975"
"03670-3","+16172865652"
"15580-1","+17087938786"
"04071-5.2","+13022859281"
"19757-2","+18182877145"
"18202-1","+14352589443"
"04266-2.1","+19132131647"
"11625-1","+19785226123"
"15525-4","+13123613956"
"02090-7","+15594816417"
"03970-4","+12818498715"
"07260-1","+15052251386"
"03500-1","+18016101388"
"04380-2","+15207322871"
"16674-5","+13073631687"
"01300.19090-3","+18665596338"
"01300.16050-4","+18668113745"
"02210-2","+12814105216"
"03260-1","+12106791951"
"01650.11007-9","+18324786796"
"01300.13700-3","+18773084208"
"18613-2","+12095853819"
"04245.200-1","+15034335347"
"16257-2","+12099001006"
"16257-3","+12099001003"
"04245.200-2","+15034333599"
"19650-2","+18014363993"
"08655-20","+12253475198"
"16650-11","+16143006034"
"09560.14615-2","+12532565980"
"08655-21","+12253475467"
"03007-1","+18883062711"
"01300.13350-1","+18663180370"
"20690-2","+12082786656"
"13520-3","+19198674104"
"07750-9","+18175271598"
"01300.16050-6","+18667547480"
"12115-3","+19528563172"
"20240-2","+14809991746"
"19355-2","+15033898732"
"03373-2","+17029970189"
"16260-7","+15714185856"
"19075.04450-2","+18155642120"
"01056-1a","+18179536383"
"18409-3","+14352134120"
"02965-1","+18056034857"
"09560.07470-2","+15038946684"
"16675-2","+13072549370"
"04072-2","+17405249486"
"07260-7","+15052266891"
"26410-1","+14353190507"
"16305-2","+17079395107"
"16672-3","+14158540824"
"01300.03475-5","+18887304140"
"03615-9","+19105500566"
"18050-7","+14247722495"
"01300.13890-2","+18773023616"
"01300.02230-1","+18773318323"
"01300.10070-2","+18773015936"
"01300.07890-4","+18882281644"
"01300.02230-5","+18887304264"
"13375-1","+12052081250"
"01300.03895-2","+18772654515"
"06025-1","+12818498856"
"16000.06180-1","+15104560267"
"01800-5","+12064623793"
"12425-2","+18472139295"
"12440-2","+17039554793"
"04399-7","+16825939757"
"11495-5","+18622516967"
"23090-2","+12035280424"
"12425-1","+18472139965"
"08380-1","+17034681988"
"16050-2","+18177172027"
"04220-3","+19084589118"
"03270-3","+17635152978"
"12425-3","+18475030093"
"16650-2","+16145044054"
"01695-1","+17635150131"
"15525-1","+13122671911"
"03375-5","+14432925636"
"01300.20055-6","+18507921296"
"07600-1","+18036190378"
"01300.15750-4","+18668114098"
"01300.20810-3","+18882855579"
"01300.15750-5","+18668114098"
"03340-1","+19142662612"
"04348-3","+15594298569"
"05950-3","+12252867427"
"20240-1","+14806580729"
"04775-1","+14809992876"
"14475-6","+18019802908"
"18050-18","+13109351857"
"19365-4","+14238259421"
"18555-2","+16265983180"
"18050-17","+13109350932"
"03375-24","+18887789980"
"03677-8","+12819694022"
"07760-4","+14085025970"
"14475-8","+18019802171"
"16710-60b","+14356714231"
"19763-4","+18185387023"
"20975-4","+13019098783"
"03900-1","+12085051823"
"07410-2","+14087131574"
"19200-3","+16146540213"
"04775-2","+16029034933"
"03960-3","+12816710472"
"23415-3","+13475547067"
"12465-3","+15178791395"
"04025-1","+16172494686"
"14575-1","+16145683995"
"06600-19","+18324496779"
"19850-1","+19403209566"
"07260-4","+15057504976"
"06600-10","+18325351218"
"22410-8","+12143804647"
"04350-1","+15054273760"
"01300.25950-4","+18665867931"
"12225-2","+14842325888"
"16005-3","+12032853363"
"07780-7","+13074615861"
"03270-8","+16129152704"
"11215-7","+19725884953"
"16000.03210-1","+14087556502"
"01300.13890-5","+18668666448"
"01300.13110-4","+18668114112"
"04380-3","+15203668458"
"18485-1","+12086155838"
"02950-2","+16782529691"
"04270-1","+12143909199"
"15525-8","+13129990964"
"16257-1","+12099001596"
"08020-2","+19723321317"
"19625-1","+19164594582"
"23377-3","+13076551225"
"08474-3","+18887698384"
"08474-6","+18882494110"
"05790-3","+19049000342"
"11100-1","+18056661668"
"04070-8","+13024645339"
"18409-1","+14352275901"
"03375-21","+18552317423"
"07758-3","+19188761295"
"16320-5","+12052088531"
"16710-60c","+14356714231"
"18045-2","+19095430444"
"09560.07470-1","+15038946587"
"05950-4","+12252867426"
"20690-1.2","+12089531153"
"01300.10075-5","+18882281328"
"01300.23225-1","+18772598569"
"03270-13","+17633925309"
"01300.13080-4","+18668669832"
"01300.12750-2","+18773313071"
"12550-1","+17736447463"
"01300.03475-4","+18887304140"
"01300.23050-1","+18773313952"
"18404-4","+12544498106"
"19805-2","+17075331785"
"01300.06855-4","+18882281938"
"01300.03895-5","+18882282084"
"01300.06750-4","+18882281948"
"01300.19090-2","+18773084430"
"04070-2","+13024646895"
"13520-1","+19197060477"
"01300.06750-2","+18772755349"
"19365-3","+14238259853"
"02990-2","+19405802724"
"05101-2","+14057783318"
"02210-1","+12819694112"
"01300.16345-3","+18882187440"
"19627-2","+14084120097"
"04225-1a","+12037421652"
"04226-4","+12038032739"
"16700-7","+12089227339"
"16700-8","+12082583762"
"19397-1","+17545515578"
"18050-2","+14247724022"
"03375-6","+14432925636"
"16650-1","+16145152672"
"03375-20","+18666605367"
"06700-1","+12404159332"
"01300.16675-4","+18668118789"
"01650.12601-7","+12818108964"
"05101-1","+14057783815"
"19200-1","+16149166560"
"01300.10055-4","+18552529662"
"16674-8","+13073631725"
"04070-11","+13024645339"
"18435-1","+15122982743"
"03340-3","+19142661145"
"09560.14615-3","+12532565790"
"12440-4","+17039881463"
"06412-3","+17814357183"
"02268-2","+14084784876"
"23422-2","+13104642487"
"05565-1","+18188048907"
"19634-2","+14809994883"
"02703-2","+14062724301"
"16710-60a","+14356714231"
"20690-1.1","+12089531153"
"19675-2","+19096532804"
"03670-2","+16172865272"
"02084-1","+14805357201"
"02600-3","+13603124272"
"13000-1","+14252439821"
"22410-12","+12143804602"
"22410-13","+12143804957"
"22410-14","+12143804952"
"03270-5","+16128071255"
"22410-7","+12147363093"
"13980-2","+18603564024"
"14240-1","+15082811808"
"16710-7","+14356575076"
"03970-1","+18325324386"
"03663-1","+12149604290"
"16670-3","+19042013954"
"16674-9","+13073631970"
"04399-11","+18174940538"
"19634-3","+14808450296"
"10200-1","+15088591452"
"01300.03500-2","+18552327582"
"01375-2","+16156734371"
"01500-1","+15303505173"
"01300.10070-1","+18773015936"
"01300.13890-1","+18773023616"
"19627-1","+14086808163"
"01625-1","+18013962083"
"19725-2","+18054097955"
"01300.13110-2","+18663165710"
"01300.13350-2","+18663180370"
"16672-1","+14159064358"
"01300.20610-2","+18552529661"
"04650-2","+18664716187"
"07755-1","+16783793411"
"08130-2","+14409696206"
"09560.01030-3","+15034795052"
"19383-2","+16142455534"
"09560.03610-1","+15413577910"
"05670-1","+12067455271"
"08400-5","+17173127885"
"07750-5","+18175271541"
"04265-1","+19726757658"
"04265-2","+19729059744"
"18402-7","+12542314180"
"19775-2","+18552327592"
"03840-4","+14135796815"
"01300.19075-2","+18773084329"
"13100-1","+14158540587"
"03280-4","+14075056497"
"01300.12450-3","+18773617955"
"01300.10225-5","+18882281123"
"04070-1","+13024646895"
"01300.13700-1","+18773313953"
"01300.07890-3","+18773085579"
"01300.12750-3","+18773085215"
"01300.12075-11","+18632790668"
"01650.11900-3","+12814070716"
"01300.12450-4","+18882281050"
"01300.02750-2","+18883065248"
"01300.20810-2","+18773311253"
"01300.13700-2","+18773313953"
"01300.15750-2","+18773083867"
"07020-2","+14109217456"
"01300.20810-4","+18668114116"
"03260-2","+12106791358"
"04235-2","+19362305443"
"02990-1","+19406418193"
"19400-6","+18016580944"
"19400-3","+18016580441"
"16250-1","+17036599538"
"19640-3","+18889042979"
"01300.03050-1","+15024140562"
"03270-1","+19529559485"
"03250-2","+16789050083"
"16000.04210-2","+19253599440"
"06870-1","+18665946787"
"01300.14650-3","+18882086740"
"14475-3","+18019802014"
"11215-8","+19723012790"
"03270-9","+16122001055"
"01300.19815-5","+18779194291"
"12280-7","+12108921980"
"20610-9","+12102011075"
"09560.13180-1","+14085027193"
"18050-19","+13103417625"
"03340-4","+19142661675"
"09560.13410-4","+15036078750"
"19763-1","+18187218866"
"04396-3","+16144018450"
"19742-2","+18163968965"
"19396-8","+19542713109"
"23065-1","+14355039123"
"03670-4","+16177022576"
"03225-1","+18887789722"
"08130-1","+14409696159"
"01300.02850-2","+18557411020"
"13650-14","+12252552324"
"10950-2","+19092919036"
"02090-1","+15594219097"
"23420-3","+18174053261"
"12460-1","+18304439431"
"08060-1","+18134330649"
"13825-7","+12199853753"
"06600-15","+18325352074"
"06600-17","+18325352196"
"03615-4","+19103384662"
"19396-3","+19542710675"
"12240-4","+18322809037"
"16650-7","+16144683888"
"18626-1","+18324032212"
"12225-3","+14845506964"
"22410-1","+19728657007"
"16005-2","+12039096483"
"03970-15","+18322633511"
"03970-16","+18324972110"
"13070-3","+17039887911"
"26410-2","+14353190904"
"12785-1","+14239547431"
"20610-12","+12107672801"
"19396-5","+19542710694"
"02268-1","+14083894285"
"15525-7","+13129576437"
"01300.03895-1","+18772654515"
"08020-1","+19727348728"
"04055-2","+16034833206"
"01650.11900-2","+12818921230"
"09560.13180-3","+14085026495"
"01300.25950-2","+18883063487"
"06495-9","+19733070992"
"01300.02050-1","+18773085227"
"08655-22","+12253699412"
"03669-1","+18054099325"
"19740-2","+17812148363"
"09560.23605-4","+14254099859"
"20240-3","+14806855569"
"18600-6","+15854312182"
"04085-2","+18882377571"
"18619-3","+18476294767"
"06012-1","+17039881484"
"06012-2","+17039881955"
"16700-15","+12085051863"
"08780-6","+16269993245"
"03665-3","+15094267792"
"07020-1","+14109217086"
"01498-4","+17145843618"
"19480.38200-1","+17034290726"
"01055-2","+18175271747"
"01056-2","+18179534327"
"08060-2","+18134330773"
"02702-1","+14062724662"
"01300.12450-5","+18882281050"
"08070-1","+18312963508"
"19805-3","+17075331786"
"01300.02750-3","+18772638384"
"16720-2","+13235094456"
"09702-4","+14093569929"
"04220-4","+19084288530"
"03375-16","+14103059693"
"07780-6","+13074615862"
"16721-2","+17027066031"
"16721-1","+17027068683"
"22180-4","+17074693913"
"01500-2","+15303505810"
"01300.10075-3","+18772635012"
"01300.02050-5","+18887304388"
"01300.03550-4","+18887304010"
"01498-3","+17145843463"
"08474-5","+18664716955"
"01300.19075-3","+18882051650"
"18410-7","+19729051772"
"16700-2","+12084732829"
"06600-2","+18325324469"
"06600-3","+18325322959"
"19400-11","+18017544615"
"13975-3","+18773617977"
"20610-4","+12105499950"
"23250-1","+15034706475"
"16650-3","+16145152595"
"01600-1","+17153180289"
"02275-1","+16144234945"
"20610-3","+12102361528"
"14575-5","+16149187048"
"20060-1","+18888756655"
"18622-2","+12814075962"
"19397-3","+17542236925"
"18050-10","+13109351360"
"04400-1","+17738861480"
"05670-2","+12066296848"
"16700-17","+12083913051"
"18435-3","+15123944827"
"22411-1","+19725326041"
"03905-2","+18108670483"
"04085-1","+16173907019"
"19135-1","+16307013282"
"06125-4","+18018969359"
"15565-1","+15122983768"
"19383-3","+16147588371"
"19396-6","+19542711169"
"19135-2","+16303603346"
"22200-1","+18884447914"
"15565-3","+15127654259"
"01000-2","+12818108648"
"16540-6","+18157822418"
"04227-1.2","+19099275487"
"18202-2","+14352589827"
"18050-16","+13109351806"
"04070-12","+13024645310"
"02800-1","+18605415446"
"13097.05570-1","+17604567061"
"16675.22400-1","+16144500733"
"03900-2","+12085051810"
"03005-1","+18019604002"
"03970-8","+12818498986"
"18050-5","+14244772570"
"06600-16","+18322781362"
"16674-1","+13072576697"
"13650-11","+12253087460"
"01105-1","+15095919464"
"16670-2","+19043423049"
"16670-4","+19042014832"
"13975-4","+18608965322"
"04399-1","+18179008170"
"03677-1","+18325394140"
"01300.19815-3","+18552327593"
"05875-1","+17035447931"
"06010-1","+17707440376"
"09560.07470-3","+15038946604"
"03100-1","+18157823779"
"05950-5","+12252863085"
"08655-13","+12253470440"
"16700-11","+12086391487"
"16700-12","+12089184676"
"13945.13977-1","+18322711422"
"01300.14650-1","+18773083639"
"01300.16345-1","+18773083657"
"01300.20950-1","+18773083712"
"01300.23500-1","+18773085220"
"01300.03525-5","+18887304109"
"19383-1","+16144142596"
"01300.03500-4","+18552327587"
"01005-1","+18185812618"
"09560.12050-2","+12532565684"
"16003-2","+17816915299"
"13070-2","+17039887991"
"12620-3","+12082624262"
"13400-8","+19723321397"
"04255-3","+15074015684"
"19715-3","+16034133399"
"09560.03610-2","+15413576631"
"04070-13","+13024648648"
"02550-3","+18179536539"
"19075.19740-2","+18155642094"
"03615-7","+19108333027"
"07750-1","+18173109354"
"18402-3","+12542314502"
"04625-2.1","+15203668213"
"01300.12075-12","+18639400772"
"01495-1","+19494275192"
"01300.13080-2","+18773051959"
"01300.02350-5","+18887304260"
"01300.02750-4","+18887304261"
"01300.06750-3","+18773607172"
"13975-1","+18609464888"
"16650-12","+16144500575"
"18480-2","+12039032380"
"12240-1","+8665475005"
"15525-3","+13129859499"
"02275-2","+16145152594"
"01300.19075-5","+18668114621"
"05450-2","+19722807054"
"01300.13350-4","+18668114115"
"01600-3","+17153183856"
"01300.23050-3","+18773084491"
"03260-3","+12106791634"
"01300.25950-5","+18665867931"
"11215-5","+12147160267"
"16250-2","+15713508201"
"23020-1","+18017587927"
"16260-1","+15713508202"
"03273-1","+12085141587"
"08655-1","+12253084468"
"01010-1","+15088175208"
"01650.11007-1","+12814019622"
"06495-1","+19739288018"
"03660-4","+14352750067"
"18626-4","+12817429404"
"12620-4","+12082623313"
"06600-5","+18325324384"
"04220-5b","+19084288516"
"10245-1","+19199285711"
"02090-2","+15594744324"
"03375-7","+14109276995"
"04400-3","+17738861480"
"09560.23607-2","+15039128110"
"09560.01810-1","+16233774955"
"10297-2","+16309237773"
"19397-6","+17548884284"
"01540-3","+15155192812"
"06012-3","+17032911473"
"08380-3","+17035742310"
"06495-10","+19733070723"
"07100-5","+17039883876"
"07750-8","+16826517428"
"13825-8","+12192401520"
"16003-1","+17816915994"
"04070-14.3","+13024648394"
"11257-2","+16319386367"
"02090-12","+15594817500"
"09560.01030-2","+15034278992"
"19740-3","+17812148571"
"07758-1","+19188765573"
"09560.03610-3","+15419330017"
"02541-2","+14084792223"
"12720-2","+12148659001"
"01498-5","+17142024934"
"16320-7","+12056235490"
"06600-14","+18325351343"
"06600-18","+18324498759"
"13980-3","+18605782190"
"01650.12601-4","+18326986114"
"16674-2","+13073631905"
"03970-5","+12818498802"
"03677-2","+18325326005"
"03677-3","+18325326741"
"03663-2","+14698282728"
"03663-3","+14692219500"
"18600-5","+15853919785"
"04255-2","+15074015674"
"18050-13","+14242229384"
"08475-1","+18667631474"
"03677-7","+12814105997"
"20610-5","+12105510650"
"12280-5","+12102011390"
"03970-14","+18325294958"
"20975-1","+13013271746"
"09560.14610-3","+14259080988"
"18050-8","+14242107026"
"01650.12601-5","+12818108420"
"03385-3","+14352671076"
"03386-1","+14357671904"
"07100-2","+17039883214"
"16850-13","+16788132464"
"08475-5","+18887789976"
"03005.92300-2","+15082589364"
"04227-2.2","+19092851846"
"16850-15","+16786688114"
"14475-10","+18019802709"
"19036-1","+15183965885"
"23065-2","+14355038864"
"23390-2","+14692004656"
"13400-9","+19723321567"
"05515-3","+17857835990"
"01650.11007-11","+12816710180"
"18050-3","+14247724458"
"19400-12","+18017544634"
"04399-4","+18174061141"
"08150-2","+12146666087"
"01300.01900-4","+18887304482"
"01300.02050-4","+18887304388"
"01300.06855-5","+18882281938"
"01300.10225-3","+18887058552"
"04070-3","+13024646895"
"01300.20055-1","+18507789483"
"01300.03550-1","+18772644244"
"01300.15750-1","+18773083867"
"01300.10225-4","+18882281123"
"04070-5","+13024646640"
"01300.03550-3","+18882070427"
"01300.10070-4","+18882281392"
"01300.06855-2","+18772568594"
"01300.14650-2","+18773083639"
"03615-1","+19103380823"
"06495-3","+19739288018"
"01300.20810-5","+18668114116"
"01300.15750-3","+18773083139"
"23175-1","+12818921222"
"01300.13890-4","+18668666448"
"02215-1","+13524044139"
"09560.16690-2","+19712387785"
"16700-3","+12084732834"
"16700-4","+12084732832"
"16700-5","+12082975914"
"04399-2","+18172038406"
"09702-1","+14098775022"
"18603-3","+18454595365"
"18603-1","+18453677726"
"18050-4","+14247724459"
"12425-4","+18479040829"
"02090-4","+15596646974"
"02090-3","+15594744057"
"13350-3b","+18305426188"
"03375-1","+18666282660"
"23020-3","+18017587927"
"18619-1","+18477524332"
"03260-4","+12106791887"
"09560.03660-3","+14054944381"
"10296-1","+15306831476"
"22511-1","+14403057566"
"09560.01030-4","+15034516025"
"07410-1","+14087130996"
"22200-2","+18557411026"
"00105-2","+12148659396"
"08090-7","+16146558225"
"14965-2","+12816710773"
"08030-1","+12564693959"
"03970-7","+12818152971"
"22410-15","+12143804682"
"16050-7","+18179532468"
"16700-9","+12082973975"
"01105-2","+15094922979"
"16270-2","+15089386830"
"08655-6","+12253040071"
"14240-2","+15082515864"
"02540-6","+14084987831"
"01300.02850-4","+18887697988"
"23415-1","+13475547007"
"01300.20680-3","+18552317421"
"18407-1","+19728296168"
"02525-6","+16146991641"
"18402-4","+12549353643"
"08655-23","+12253699785"
"01300.02750-1","+18883065248"
"13400-5","+19723321163"
"05790-1","+19047017787"
"03262-3","+13214739193"
"16650-14","+16144500586"
"16030-5","+17409196741"
"18619-2","+18477524629"
"02999-1","+17706792063"
"23422-1","+13109046719"
"07703-3","+17405270383"
"23420-2","+18174761801"
"01300.03210-3","+18773615488"
"01300.03210-5","+18887304212"
"01300.03525-3","+18772656215"
"01300.10125-5","+18882281124"
"07750-3","+16826517392"
"08655-25","+12254354125"
"08050-1","+18018108989"
"18610-1","+19729059623"
"12175-3","+18173308045"
"12550-2","+17739826553"
"01300.19805-2","+18773084507"
"19775-1","+18552317412"
"03025-1","+13108535910"
"01300.02230-3","+18887058566"
"18410-6","+19724680876"
"07750-6","+18173109361"
"04399-8","+16825939861"
"02980-1","+16233878534"
"18622-1","+12814070828"
"11215-6","+12143804122"
"16320-4","+12052088613"
"01300.16050-5","+18668113745"
"16677-1","+15105747095"
"04399-3","+16825931006"
"16677-2","+15105747104"
"18603-4","+18454595377"
"08795-2","+18017544624"
"13850-1","+18019216707"
"01650.13194-1","+12819782488"
"16650-5","+16146826223"
"12475-3","+18622074126"
"01010-2","+17742029935"
"04220-6","+19084288788"
"19380-1","+15089162979"
"08795-1","+18017544616"
"12225-1","+16106280508"
"23020-4","+18017587927"
"09560.23605-1","+14259080944"
"16260-8","+17033489764"
"07703-4.1","+17405270841"
"19650-4","+18017815938"
"14080-3","+19033644172"
"03225-2","+18887809168"
"18409-2","+14355541421"
"05950-2","+12252867666"
"19805-1","+17075331784"
"16540-1","+18157822417"
"01300.04420-1","+18666566654"
"19625-2","+19164158835"
"02950-4","+16789356951"
"18204-1","+15109846526"
"18204-2","+15108598025"
"13650-9","+12253348223"
"13650-10","+12259108067"
"03677-4","+18324080157"
"01650.13194-3","+18324080353"
"02702-2","+14062724774"
"03960-2","+12816710076"
"19480.38200-2","+17039881771"
"01900-3","+12036770153"
"04700-2","+18019978638"
"09560.12610-2","+19713737900"
"01300.03500-1","+18552327586"
"09560.12610-3","+19712798497"
"03006-2","+16146002053"
"03375-14","+14433518295"
"08655-18","+12252831905"
"01300.03090-1","+18772570109"
"01300.10075-1","+18773024560"
"01300.16050-1","+18883062869"
"01300.12005-3","+18887697920"
"08475-9","+14253362201"
"04396-2","+16145268854"
"09560.03660-2","+14053675521"
"16676-3.1","+19188764332"
"18202-3","+14352275985"
"01300.20610-1","+18552529659"
"02990-7","+19402021826"
"09560.07690-3","+13603426891"
"01300.14085-1","+18773082945"
"01300.20810-1","+18773311253"
"03375-15","+14103059693"
"03375-17","+14103059399"
"01300.09550-1","+18773316207"
"01300.02350-3","+18882414294"
"12280-1","+12109986255"
"01300.10125-1","+18773312784"
"01300.02350-1","+18883065062"
"18403-2","+12542384371"
"01300.02230-2","+18773318323"
"01300.09550-3","+18773015985"
"12280-2","+12109987087"
"03615-5","+19108331187"
"06125-3","+18018969804"
"06495-11","+19733070807"
"03005.92300-3","+15085348433"
"05790-2","+19049000352"
"02200-1","+12819150399"
"05515-2","+17853807397"
"16260-3","+15713547490"
"01300.13080-5","+18668669832"
"01300.03525-4","+18887304109"
"01300.01900-5","+18887304482"
"01650.11007-8","+18324782651"
"14240-6","+15082630552"
"20050-2","+14082908670"
"05850-2","+14089339229"
"01490-3","+18322711403"
"01490-4","+17139365271"
"12240-2","+12819782500"
"03270-4","+16125644370"
"03970-3","+12818152972"
"07780-4","+13074615836"
"09702-2","+14098775022"
"02090-6","+15594748253"
"06495-5","+19739288018"
"02090-5","+15596646975"
"14600-2","+18019176997"
"03375-9","+14433518288"
"01800-1","+14252966224"
"15740-1","+17084624353"
"01300.04420-5","+18667629141"
"01513-2","+12083914843"
"09560.12050-3","+12532565733"
"01210-1","+15127656944"
"14475-9","+18019802857"
"03665-7","+15093144013"
"04348-2","+15596674052"
"01610-3","+16789878689"
"01650.11007-10","+18324786974"
"12620-5","+12084491847"
"01300.02230-4","+18887304264"
"01300.12450-1","+18773317122"
"01300.03525-1","+18773318154"
"15525-2","+13122652737"
"07260-2","+15052251770"
"01650.11007-3","+12812499020"
"22305-1","+12086238152"
"06600-11","+18325351221"
"22305-4","+12086290360"
"22410-6","+12142166941"
"16650-4","+16146826222"
"03370-1","+17146763067"
"06940-3","+18018108994"
"18410-3","+14692878697"
"18410-4","+14692002018"
"19355-1","+15033896740"
"03670-1","+16172865260"
"01497-1","+14354776429"
"15600-1","+15033896200"
"01300.06770-2","+18888756546"
"07780-5","+13074615851"
"02225.13050-2","+12818090994"
"01650.11007-6","+18324782574"
"05450-1","+19723167825"
"01300.12075-7","+18632790668"
"06495-8","+19739377911"
"01300.16675-1","+18773084214"
"07260-6","+15052269827"
"07750-2","+18174940355"
"11495-4","+18622516961"
"01300.03210-2","+18772598541"
"01300.23225-2","+18772598569"
"16650-9","+16144500589"
"16650-17","+16144502223"
"08040-1","+15595375341"
"01300.12005-4","+18887789979"
"01720-1","+19162935531"
"09560.13410-1","+15039748784"
"12280-4","+12102012432"
"04399-5","+18176124321"
"18410-9","+19723321481"
"16150-1","+12037478653"
"16150-3","+12034028740"
"06125-1","+18019282485"
"03385-2","+14352671024"
"01300.19090-1","+18773084430"
"03280-3","+14079000598"
"06025-2","+12818499019"
"13825-3","+12192000331"
"01300.12405-1","+18883061231"
"13825-1","+12192000291"
"02710-1","+18305002488"
"01300.03090-4","+18887304254"
"01300.02750-5","+18887304261"
"01300.03475-3","+18663598430"
"16720-1","+13234264118"
"07750-10","+18175271920"
"02090-11","+15594818022"
"02990-3","+19406418455"
"02990-4","+19402021045"
"01490-2","+17134960557"
"20610-7","+12106791706"
"18410-8","+19723321389"
"19695-1","+15102441093"
"25025-3","+19542710566"
"08135-2","+15122983413"
"19400-10","+18017544614"
"08505-1","+15129008368"
"07780-3","+13074615809"
"18603-2","+18454593376"
"06600-8","+18325326742"
"09560.13180-2","+14085027531"
"04625-1.1","+15204320823"
"15750-5","+14079901461"
"08475-4","+18887591241"
"19850-5","+19406001609"
"01300.03500-5","+18552327589"
"09560.16690-1","+19712387440"
"03665-4","+15094263952"
"14080-1","+19038584972"
"01056-1b","+18179533768"
"09560.12050-1","+12532922771"
"01498-2","+17145843961"
"01300.03090-2","+18772570109"
"01300.07890-2","+18772767393"
"01300.10075-2","+18773024560"
"13520-2","+19197060603"
"01300.03895-4","+18882282084"
"08655-16","+12253690174"
"16050-6","+16829906328"
"07260-3","+15052253192"
"02525-5","+16146990503"
"06600-13","+18325351318"
"22305-2","+12085050284"
"06600-12","+18325351290"
"03850-3","+18013995500"
"03970-10","+18322632685"
"22410-4","+14692270120"
"14405-2a","+15103423199"
"14405-2b","+15103423200"
"22410-3","+12147314382"
"16650-6","+16144685506"
"18600-3","+15853919438"
"01300.06770-5","+18552317416"
"19785-2","+19083168463"
"01300.19815-2","+18552317422"
"15600-2","+15033896708"
"03650-1","+15854334404"
"03650-2","+15856338530"
"19650-1","+18014363879"
"09560.23605-3","+14259080872"
"09560.14610-2","+14259080816"
"03970-17","+18324971040"
"02990-5","+19402021215"
"19725-3","+18054099981"
"16650-10","+16144500521"
"12175-1","+18179534076"
"11495-3","+18622516945"
"11495-2","+18622516918"
"16700-13","+12089018830"
"07100-7","+17039887386"
"13125-3","+17732310009"
"19397-5","+17548884078"
"04255-1","+15074014903"
"03667-2","+12525151300"
"16850-9","+16789924011"
"19200-2","+16149166975"
"01300.25950-1","+18883063487"
"04225-2b","+12038836330"
"04225-1b","+12037421650"
"08505-2","+15125200442"
"01300.01900-3","+18665475005"
"01300.06750-1","+18772755349"
"01770-1","+14089339695"
"01300.02350-4","+18887304260"
"16850-11","+16788130540"
"03005.92300-1","+15084701497"
"16255-1","+18019006408"
"03375-23","+18887591229"
"01300.20055-5","+18507789483"
"01650.11007-7","+18324782535"
"18626-5","+12813011627"
"16305-1","+17079395107"
"01300.09550-4","+18882281640"
"12440-3","+17035447949"
"19627-3","+14087802899"
"01300.23225-5","+18668661957"
"01300.16675-5","+18668118789"
"16320-2","+12052080537"
"01300.23225-3","+18665334837"
"16850-6","+16789577005"
"03375-19","+18888756398"
"19695-3","+15104560111"
"16000.04210-1","+19253599703"
"02540-2","+14087801421"
"01070-1","+18888570544"
"11530-3","+14256541263"
"11530-1","+14255167293"
"11530-2","+14253362228"
"06600-4","+18327353277"
"08655-5","+12253040870"
"04226-1","+12032748649"
"09560.13410-2","+15039748677"
"01300.20610-3","+18552529668"
"01900-2","+12036261904"
"01375-6","+16159530770"
"09560.23605-2","+14259080896"
"09560.16690-3","+19712388720"
"01610-2","+16789878721"
"08090-5","+16146558863"
"15740-4","+17089427141"
"15705-3","+16304235924"
"20060-4","+18887698386"
"15740-2","+17083363590"
"15740-3","+17089495750"
"13350-3a","+12105910983"
"13350-4b","+18305426187"
"04220-7","+19084482226"
"01680-2","+17038793932"
"08090-6","+16146551363"
"02702-3","+14062724786"
"13000-3","+14257288422"
"13450-2","+13105945379"
"11257-3","+16319386950"
"08090-4","+16146557972"
"09560.13410-3","+15036078175"
"01698-1","+18319200581"
"08382-2","+18664716188"
"04266-1.1","+19136243544"
"13000-2","+14254400405"
"12115-2","+19522253180"
"07785-3.1","+16147821276"
"09560.01810-3","+16238667640"
"12620-6","+12087144696"
"07785-2.1","+16147821693"
"23020-2","+18017587927"
"13650-6","+12253728718"
"04226-3a","+12038032814"
"19775-3","+18557411018"
"03375-22","+18552529669"
"19480.38200-3","+17033489842"
"08090-3","+16146551870"
"09560.12610-1","+19713737190"
"08130-3","+14403193629"
"01000-1","+12816687787"
"18000-1","+12813069981"
"01000-3","+12819784799"
"20610-2","+12105690463"
"06495-2","+19739288018"
"12475-2","+19734532177"
"01650.11007-2","+18326043846"
"08655-7","+12253414412"
"16670-1","+19044946482"
"08655-9","+12253046868"
"13650-4","+12253082246"
"14475-7","+18019802795"
"04072-1","+17409363823"
"13520-4","+19198670558"
"18402-6","+12542310461"
"07758-2","+19188765910"
"06010-3","+17707444786"
"01300.20680-2","+18552317419"
"08400-3","+17173127968"
"22410-16","+12143804168"
"19640-7","+15083430082"
"08380-2","+17039883795"
"01190-1","+16782758898"
"01190-2","+16789050084"
"13650-5","+12257544024"
"16270-1","+18884597180"
"01070-3","+14842325887"
"10245-2","+19199285709"
"19750-2","+14437634754"
"08655-8","+12257544662"
"03373-3","+17026909167"
"08382-1","+18887698385"
"19675-3","+19092546968"
"20280-1","+12144314875"
"02270-1","+19729051256"
"03970-12","+18322633899"
"04245.100-1","+15034335919"
"10298-3","+16788138528"
"13160-1","+18884732077"
"08795-3","+18019604028"
"08795-4","+18017179916"
"01695-2.1","+17632808427"
"10301-1","+17196022674"
"16650-20","+16147019178"
"19740-1","+17812148388"
"23550-1","+18322632592"
"02959-2","+16266004131"
"04399-12","+18174940423"
"04399-13","+18173805235"
"13125-1","+17736960805"
"01300.10055-2","+18552327583"
"19695-4","+15102443117"
"16260-2","+15713547490"
"16050-3","+18177177008"
"16050-4","+16822248171"
"02690-1","+19086980979"
"15525-11","+13122929010"
"01300.20610-5","+18557411024"
"01300.02050-6","+18552115301"
"09560.12050-4","+12532561457"
"01300.06770-1","+18888756546"
"01300.20680-5","+18667631487"
"01400-1","+19723491944"
"11260-1","+15092037746"
"16725-1","+12036770512"
"02550-2","+18179533468"
"03615-10","+19107262187"
"12620-2","+12082623728"
"18050-12","+14247722882"
"18600-1","+15853660070"
"23800-4","+13046083476"
"19750-1","+14107744057"
"10950-1","+19097661903"
"16005-5","+12039411143"
"18050-11","+13109351603"
"07750-7","+16826517563"
"01720-2","+19164158528"
"19763-2","+18187218477"
"03970-11","+18322632866"
"04227-1.1","+19099275487"
"15007-2","+19152361569"
"20975-2","+13013271803"
"09560.01810-2","+16238665870"
"19455-3","+16784398809"
"04071-3","+13022859479"
"11215-9","+19725884518"
"16674-6","+13073631764"
"09560.07470-4","+15034516076"
"01300.04420-4","+18552529666"
"19915-2","+18058138396"
"08780-7","+16269992673"
"04266-1.2","+19136243544"
"19786-1","+19097084575"
"07100-6","+17039887399"
"19742-1","+18162057079"
"08450-4","+18153202614"
"04395-1","+12816710558"
"15565-2","+15122007376"
"01300.12005-1","+18557411021"
"16850-12","+16788138507"
"03385-4","+14352677686"
"22411-3","+19727988973"
"03665-6","+15094267914"
"03665-8","+15093144015"
"03665-9","+15093144259"
"06412-2","+17818320326"
"16710-61b","+14356714221"
"16710-60e","+14356714231"
"19394-1","+17139093928"
"08382-3","+18885225977"
"15705-1","+16307913394"
"05875-3","+17033481781"
"12720-1","+12143100746"
"09560.12610-4","+19712798720"
"23165-2","+15122986793"
"01498-1","+17145843961"
"10300-1","+17193582927"
"03920-2","+13144031889"
"01210-2","+15126494255"
"19742-3","+18163966222"
"11100-2","+18056661264"
"01055-1","+18175271436"
"19396-7","+19542712692"
"13650-15","+12252552231"
"01650.12601-8","+12818108417"
"16710-60d","+14356714231"
"23415-2","+13475547284"
"12280-10","+12107672280"
"19720-1","+16613807337"
"19720-3","+16613811945"
"13400-10.1","+19723474358"
"16850-17","+14046201647"
"15705-2","+16307913217"
"16850-16","+14049376217"
"07758-4","+19188765931"
"01513-3","+12083506140"
"23020-7.1","+18019979468"
"01210-3","+15127655075"
"03262-2","+13214739615"
"18045-1","+19099990078"
"11300.07700-1a","+19164263842"
"19715-1","+16036174454"
"18050-14","+14242668487"
"10296-2","+15306835057"
"10296-3","+15306835180"
"04071-5.1","+13022859281"
"08135-4","+15128278986"
"08450-2","+18155248864"
"16650-19","+16144502733"
"01300.04420-3","+18552317418"
"19915-3","+18054914507"
"07810-1","+17193620977"
"03340-2","+19142661276"
"16003-3","+17812187431"
"19455-1","+16782938997"
"04227-2.1","+19092851846"
"19075.19740-1","+18155642105"
"20690-3","+12082786895"
"11215-10","+19723018739"
"04650-1","+18887808895"
"15750-6","+14079901756"
"07020-3","+14109217925"
"16850-10","+16789925326"
"01300.03500-3","+18552327584"
"01499-2","+13106929020"
"20610-8","+12106791879"
"19763-5","+18185646920"
"04226-2a","+12038836331"
"08450-1","+18152553194"
"16030-4","+17409196970"
"08060-3","+18134330702"
"01513-1","+12083912545"
"12115-1","+16515837829"
"12785-2","+14234142877"
"07758-5","+19188763685"
"10301-2","+17196023769"
"19675-1","+19093325937"
"13125-2","+17739055104"
"18402-8","+12542310170"
"25025-2","+19542714941"
"04070-14.1","+13024648394"
"01300.20610-4","+18557411019"
"11260-2","+15092037060"
"07760-2","+14085025089"
"01300.02850-3","+18557411023"
"18050-15","+14242668075"
"19915-1","+18054168989"
"03262-4","+13214739847"
"01300.01520-3","+18552115298"
"18404-5","+12542204256"
"12465-2","+15178790283"
"01540-2","+15155192844"
"25025-1","+19542711959"
"04625-1.2","+15204320823"
"01300.04420-2","+18552317417"
"03270-10","+16129241347"
"10300-2","+17196023334"
"16675.22400-2","+16146365228"
"19808-1","+14084782684"
"15900-2","+18052500175"
"02992-2","+14086808936"
"09560.23607-1","+15035120904"
"16320-3","+12052084359"
"01300.02850-1","+18779194290"
"13650-13","+12252552461"
"08780-5","+16264669596"
"11300.07700-2a","+19164262377"
"10297-1","+16309237706"
"13129-1","+19783414051"
"03677-6","+12814105714"
"19365-1","+14238259311"
"16675-1","+13072549660"
"16674-7","+13073631911"
"16540-7","+18157338654"
"18600-7","+15854312519"
"16676-2","+19188765932"
"03100-2","+18157823912"
"08780-8","+16269992712"
"02850-1","+12819407929"
"23419-2","+18479040771"
"04400-2","+17738861480"
"04220-5a","+19084288514"
"04220-5c","+19084288517"
"04220-5d","+19084288518"
"01300.02850-5","+18887697938"
"14080-2","+19038584051"
"18410-10","+19729870985"
"01570-3","+13057486556"
"16676-6.1","+19188765532"
"01230-1","+12152404228"
"02990-11","+19402027835"
"18410-13","+19729054285"
"18555-4","+16268699974"
"06600-23","+18325328105"
"03006-5","+16142853301"
"01650.11007-16","+17134897754"
"04400-6.1","+17734327011"
"07065-4","+15132592014"
"10975-1","+12533368710"
"16313-1 English","+16264982693"
"20850-2","+12033072008"
"19835-1","+16104223672"
"19835-2","+14843203994"
"13535-2","+19135534604"
"15750-8","+14077491946"
"23418-1","+16308121653"
"01590-2","+12487140135"
"02541-4","+14086375462"
"19626-2","+18472815883"
"01625-3","+18014189460"
"09560.14613-2","+15417270643"
"01726-2","+15712938133"
"12130-1","+19164262601"
"12130-3","+19163827298"
"13815-1","+16265873840"
"11300.07700-1c","+19164262241"
"08780-9","+16266577931"
"12130-2","+19164263057"
"03665-11","+15093882248"
"11300.07700-1b","+19163419939"
"04227-3.1","+19093342660"
"01726-1","+17039881144"
"13815-2","+16262752618"
"05950-6","+12252867721"
"02090-16","+15596643443"
"18616-3","+18016236054"
"05950-8","+12255903956"
"09560.05780-1","+15413578964"
"18616-2","+18012101605"
"09560.05780-2","+15413573246"
"09560.05780-3","+15419330794"
"05950-7","+12253417072"
"21570-1","+17734534260"
"13815-3","+16264154776"
"18616-1","+18018949649"
"21570-2","+17737962090"
"19653-3","+14094202872"
"04027-1","+17203998582"
"07257-2","+19723491467"
"01625-2","+18019215915"
"07257-3","+19729169547"
"07257-1","+19725908344"
"04027-2","+17204459374"
"18410-11","+19725211619"
"07750-12","+18177569613"
"22411-4 Richardson","+19723759911"
"03060-1","+19104013359"
"01054-1","+18178806194"
"19827-1","+16027148103"
"04226-1b","+12037421651"
"13545-1","+13174895610"
"19622-1","+12092070514"
"02225.22210-1","+12815470370"
"02225.22210-2","+12813774446"
"15750-7","+14073782789"
"01010.19380-3","+15086697956"
"03677-9","+12819144940"
"07703-5.1","+17405270389"
"01505-1","+19186093803"
"09560.13180-6","+14086497979"
"09560.14615-5","+12532998323"
"22230-2","+15082326347"
"22230-1","+15084434309"
"11980-2","+15412362652"
"07703-6.2","+17405270291"
"04285-1","+12484407923"
"04399-15.2","+18175275154"
"01505-2","+19189259448"
"18403-9","+12542204983"
"19355-8","+15034516485"
"25900-3","+19802244477"
"01056-6","+18174423318"
"25900-2","+19802245414"
"19700-2","+15128618408"
"08060-4","+18133432005"
"15705-4","+16303603459"
"19355-7","+15034516150"
"09560.13180-5","+14085025400"
"01055-4","+18179184182"
"09560.12610-5","+19712798555"
"19700-1","+15127656769"
"13125-4","+17738192937"
"20975-5","+13019098979"
"15705-5","+16305184456"
"09560.12050-5","+12532561480"
"07758-8","+18664571452"
"19355-6","+15038946598"
"10603-2","+18626210424"
"04640-2","+14236504832"
"11980-1","+15412362738"
"07785-4.1","+16148083923"
"11100-4","+18052887795"
"11300.07700-2b","+19162299536"
"07703-9.1","+17403344927"
"05790-4","+19045678018"
"18402-10","+12542178477"
"01030-1","+12817243642"
"18618-1","+14057087648"
"05790-5","+19044252644"
"01056-7","+18178806512"
"07703-8.1","+17402811660"
"19044-2","+14106984224"
"09560.03660-6","+14053841052"
"07758-9","+18883401918"
"07785-6.1","+16145948584"
"07785-7.1","+16146365673"
"23420-4","+18179327929"
"09560.13410-8","+15034516225"
"16650-21","+16147019998"
"04640-1","+14232858186"
"02600-5","+13607466653"
"03665-10","+15093880205"
"03373-4","+17026909477"
"02600-4","+13607460746"
"01505-3","+19188565353"
"01650.12601-10","+12815009319"
"19640-8","+15088124155"
"03340-5","+19148613933"
"12115-4","+19526797105"
"19200-4","+16148084168"
"19200-5","+16146104189"
"08090-11","+16142896006"
"23800-3","+15596432912"
"13945.13977-3","+12818108390"
"18403-8","+12545774763"
"07703-6.1","+17405270291"
"19600-1","+19729169578"
"07785-3.2","+16147821276"
"18403-7","+12542137304"
"09560.01030-6","+15039253720"
"12620-7","+12084491511"
"09560.05780-6","+15413594370"
"19775-2","+18552327591"
"09560.12610-8","+19712700948"
"11800-2","+16122936555"
"11800-3","+19528563125"
"16676-4.1","+19188761717"
"08132-1","+19729169588"
"20580-1","+13104642760"
"15565-4","+15127655173"
"20580-2","+13104642298"
"02953-1","+17047108480"
"25550-2","+16304484397"
"11800-1","+16122933905"
"07703-7.1","+17407399327"
"09560.23605-8","+14253812113"
"09560.07470-7","+15032785007"
"19825-1","+14808450776"
"14270-1","+17203584022"
"09560.02740-5","+13604504284"
"09560.14615-8","+12532006389"
"01625-4","+18014775145"
"09560.23607-5","+15035126817"
"09560.01810-5","+14804781933"
"20060-5","+18887248854"
"08400-6","+17176392170"
"03353-1","+18572643809"
"09560.07690-6","+13604504329"
"09560.01030-5","+15039256294"
"08132-2","+19729054333"
"20580-3","+13102562818"
"22270-2","+19143807063"
"14150-2","+15054316781"
"08465-2","+13072221529"
"09560.13180-8","+14087961262"
"08465-1","+13072226715"
"09560.16780-4","+12536552306"
"09560.12050-8","+12536177838"
"09560.13410-7","+15034069145"
"01650.11007-15","+12813050143"
"01698-1","+18772901889"
"09560.14615-7","+12536932799"
"19775-3","+18557411017"
"09560.14610-7","+14254096137"
"09560.23607-6","+15037665769"
"02225.06660-1","+12818164448"
"16674-4a","+13073631684"
"09560.12610-7","+19712647040"
"09560.01810-4","+18883407732"
"09560.13180-7","+14084268268"
"19775-1","+18552115297"
"09560.03610-5","+15412467028"
"16030-6.2","+17409196690"
"15650-1","+15204413743"
"04071-5.4","+13022859281"
"23150-3","+18033050000"
"09560.16690-6","+19712057608"
"09560.14610-6","+14253294926"
"23150-2","+18038475399"
"16700-18","+12083915614"
"22270-1","+19148195467"
"09525-1","+16182056056"
"09525-2","+16182056049"
"04070-14.4","+13024648394"
"16700-19","+12083916925"
"06460-1","+12564051568"
"09560.14610-5","+14254096516"
"03060-2","+19107785201"
"09560.04660-3","+19712647672"
"","+18664716263"
"","+18664716218"
"10270-1","+16149322259"
"09560.03660-5","+14055625291"
"16850-23","+16789296267"
"19365-9","+14238222520"
"09560.16690-7","+19712380163"
"09560.12050-7","+12532354524"
"20610-17","+12105260477"
"19807-2","+17037228074"
"11300.07700-4b STOCKTON","+12092271471"
"10296-4","+18883395604"
"11300.07700-4a FOLSOM","+19163827399"
"11300.07700-4c SACRAMENTO","+19165121170"
"02225.06660-2","+12819782994"
"04399-18","+18175009149"
"04650-4","+13304003385"
"19807-1","+17039577766"
"02225.06500-1","+17135747632"
"04399-19","+18173804106"
"04071-5.3","+13022859281"
"23150-1","+18038475280"
"16700-20","+12084953051"
"09560.16690-5","+19712057604"
"09560.14615-6","+12536933279"
"22270-3","+19146103112"
"03935-1","+17606838036"
"09560.04660-2","+19712642958"
"03935-2","+17605477651"
"16676-3.2","+19188764332"
"09560.07470-5","+15038226809"
"09560.04660-1","+15033896859"
"09560.07470-6","+15034516634"
"09525-3","+16183910279"
"18050-20","+13107071316"
"14150-3","+15053693955"
"07785-5.1","+16143493484"
"20240-5","+14806965196"
"16850-21","+16782562876"
"08655-26","+12254355628"
"18050-21","+13108446269"
"19044-1.1","+14106981718"
"01030-2","+12817243177"
"02585-1","+18886573661"
"09560.13410-6","+15034516170"
"06125-6","+18017842911"
"09560.16780-2","+12536554877"
"09560.12050-6","+12532487274"
"09560.16780-3","+12536551384"
"09560.02740-1","+13608364948"
"01615-3","+17033489699"
"01615-2","+17032782671"
"01615-1","+17032782608"
"13851-1","+18013832653"
"13851-2","+18017842590"
"13851-3","+18013359345"
"23170-1","+15133423734"
"05860-1","+18018230434"
"18610-4","+19729054988"
"14150-1","+15054314083"
"19825-2","+14806966977"
"16850-22","+16789740908"
"07750-14","+18177569571"
"16700-21","+12082977467"
"18616-4","+18014189482"
"11300.07700-2c","+19164262372"
"09560.07690-5","+13604502758"
"16675-3","+13072715088"
"23020-8.1","+18018102719"
"03665-12","+15093144182"
"23377-5","+13077635458"
"23200-3","+19723609563"
"03373-5","+17022894563"
"16650-23.1","+16143104960"
"16650-22","+16143104509"
"19620-2","+16504580022"
"06125-8","+18017842686"
"06125-7","+18015286028"
"16030-6.3","+17409196690"
"23170-2","+15133424892"
"16676-5.1","+19188765954"
"05860-2","+18017842503"
"20240-4","+14808450797"
"","+18664716259"
"","+18664716255"
"","+18664716268"
"19720-5","+16615785541"
"05790-6","+19042366540"
"07750-13","+18174423371"
"19720-4","+16614017920"
"20610-16","+12103901426"
"12120-1","+17032916360"
"19653-4","+14094894904"
"11100-5","+18053514450"
"09560.12610-6","+19712642802"
"19620-1","+16504585936"
"19746-3","+19728151567"
"25550-1","+16303322916"
"09560.16780-1","+12532009978"
"19746-2","+19725053867"
"23200-1","+19729169645"
"05943-1 Fairfield","+12039515753"
"08072-1","+15169860774"
"13535-1","+19135533255"
"09560.23605-6","+14253814433"
"19746-1","+19724659769"
"19600-2","+19729054404"
"23200-2","+19729054416"
"06790-1","+13074639606"
"19600-3","+19723609439"
"01728-1","+18285364840"
"01590-1","+12482425109"
"04900-2","+17144826420"
"20850-1","+12033072770"
"08095-1","+18046164539"
"05943-1 Haven","+12033071202"
"04900-1","+17146602334"
"04399-16","+18179939965"
"19763-6","+18185149502"
"04399-17","+18173308547"
"05435-2","+13049070122"
"02990-10","+19402027973"
"06125-5","+18018969544"
"16540-5","+18157823943"
"07785-2.2","+16147821693"
"08095-2","+18044148270"
"","+18017544633"
"","+18017544789"
"","+18017544626"
"01615-4","+17033489889"
"","+18017544610"
"19631-1","+18585238949"
"11215-12","+12148658912"
"05435-1","+13049070276"
"02990-9","+19403242298"
"11215-13","+12146665274"
"04399-15.1","+18175275154"
"23020-7.2","+18019979468"
"03270-15","+16125872918"
"19763-7","+18188355945"
"03270-14","+16122003798"
"02990-8","+19403242224"
"03270-16","+17632807417"
"02570-3","+15612212819"
"14560-2","+15073160872"
"04325-2","+15095545646"
"04320-2","+15093924632"
"04325-1","+15094922004"
"14243-1","+16103147881"
"04320-3","+15093924893"
"04320-1","+15095729318"
"14243-2","+16104001659"
"01615-5","+17034369678"
"23275-1","+19194391877"
"04325-3","+15093924850"
"03666-5","+15097313963"
"04070-17.1","+13024494296"
"11300.07700-4a GREENBACK","+19163827332"
"10190-1","+18434084210"
"11300.07700-4b ELK GROVE","+19169991187"
"01675-1","+18177896122"
"09560.18025-1","+19712647644"
"11300.07700-4c CALVINE","+19163827276"
"08090-9","+16146554284"
"07110-1","+18589144610"
"12440-5","+17033489568"
"13395-2","+18589358218"
"01493-1","+19092852443"
"19654-1","+12514361345"
"13375-4","+12053514438"
"13395-3","+18583751532"
"01850-2","+16197802468"
"07259-2","+19498910723"
"19480.38200-4","+17035845302"
"03666-3","+15093144747"
"01508-1","+12062090438"
"20720-1","+17277774692"
"03371-2","+17049515655"
"20720-2","+17273590957"
"03666-4","+15092034333"
"01650.11007-13","+12816710886"
"03371-1","+17044123145"
"01650.11007-14","+12813052849"
"04070-16.1","+13024496155"
"Billboard","+12106791808"
"7","+12102011699"
"18490-1","+18886003526"
"3 or Marbach","+12106791968"
"Grissom and Heath","+12106791849"
"Bandera","+12106791892"
"Val Pak","+12106791903"
"Bandera banner ad","+12102011697"
"35 & 1604","+12102011696"
"Marbach banner ad","+12102011698"
"07110-2","+18588159216"
"16700-1","+12084732825"
"13395-1","+18589358593"
"08090-8","+16146557365"
"01493-2","+19092852767"
"13550-1","+19092852647"
"03674-1","+13203004432"
"19654-2","+12512724955"
"19420-1","+19543997421"
"12465-4","+15179170937"
"16150-4","+12035674577"
"14530-1","+14123488839"
"09560.02740-3","+13603426752"
"01508-2","+12065351804"
"03371-3","+17042711063"
"09560.02740-2","+13608364982"
"07259-1","+19492744476"
"16674-12","+13073631715"
"01650.11007 - 12","+12816710369"
"01850-1","+16193874302"
"03275-2","+16037693442"
"14560-1","+15079440921"
"03275-1","+16032612117"
"04350-10","+15056349240"
"08090-10","+16143288814"
"25905-2","+19802397225"
"25905-1","+19802632054"
"01850-3","+16197802206"
"19627-4","+14087808401"
"14560-3","+15073160482"
"13650-18","+12252552142"
"20975-6","+13016059196"
"13550-2","+19092849765"
"07065-1","+15136204720"
"01056-5","+18178806171"
"03006-4","+16148877954"
"07065-2","+15132592108"
"01685-1","+13234380156"
"01056-4","+18179184758"
"25900-1","+19802632052"
"10000-1","+17572792118"
"20975-7","+13016059118"
"04255-4","+15074012411"
"12465-5","+15178791303"
"02268-3","+14085658405"
"19640-9 Southcoast Smiles","+15088125398"
"","+18016096031"
"","+18016580942"
"","+18016099748"
"16030-7","+17407394336"
"03005.92300-4","+15082583777"
"12440-6","+17037228094"
"09560.23605-5","+14254099933"
"19455-4","+16783670886"
"07758-7","+18773120110"
"25905-3","+19802244495"
"09560.13410-5","+15036078401"
"07758-6","+18664716190"
"01055-6","+18174423399"
"01055-5","+18179184316"
"19700-3","+15125511542"
"16850-19","+16783921669"
"16710-62.1","+14356577052"
"16710-62.2","+14356577052"
"16710-62.5","+14356577052"
"04265.54550-1","+13216095474"
"04265.54550-2.1","+13212520849"
"04255-5","+15074012829"
"16850-20","+16782562808"
"15525-13","+13127560228"
"19655-1","+18643265825"
"13003-3","+18065532144"
"19780-1","+12084106736"
"07065-3","+15133481428"
"16040-2","+12016887147"
"19780-2","+12089444817"
"19780-3","+12082938788"
"04227-4.1","+19095388303"
"16676-4.2","+19188761717"
"09560.23607-4","+15038226785"
"12119-3","+18887753143"
"06700-5","+12404159805"
"","+18017544630"
"","+16172494736"
"Website","+12084732828"
"","+18016580879"
"08425-1","+12089658539"
"","+18017544789"
"05150-1","+18774819871"
"","+18017544788"
"","+18016580939"
"","+18017544639"
"16675-4","+13072715084"
"18613-4","+12092621737"
"02090-17","+15594748809"
"","+18017544786"
"20055-1","+17273789815"
"13650-19","+12253728718"
"01606.02265-2","+16505572468"
"18202-4.2","+14352587748"
"02800-3","+18608370238"
"13003-2","+18067311243"
"15525-14","+13128542733"
"16710-62.3","+14356577052"
"16710-63.1","+14356577053"
"16710-63.5","+14356577053"
"19365-8","+14232282525"
"03480-1","+14077491061"
"16040-1","+12019843860"
"04265.54550-3.1","+13212520858"
"09560.07690-4","+13604502753"
"16710-63.3","+14356577053"
"19365-7","+14234544703"
"19655-2","+18644383638"
"01685-3","+13235456402"
"19028-1","+12088657020"
"16710-62.4","+14356577052"
"18202-4.1","+14352587748"
"18619-4","+18476294237"
"01685-2","+14245436364"
"03371-4","+17049515759"
"08780-10","+16266578284"
"16710-63.4","+14356577053"
"19365-6","+14234142831"
"13070-6","+17035944132"
"16710-63.2","+14356577053"
"01606.01490-1","+14158540754"
"03262-6.1","+13218379995"
"06790-2","+13074639610"
"02540-9","+14083350232"
"01613-2","+19196663838"
"01613-1","+19192137770"
"06412-4","+17819962614"
"","+18017544787"
"03915-2","+18183064884"
"16003-4","+17817804617"
"","+18017544620"
"02990-12","+19402028003"
"","+12082973870"
"22390-1","+16612506833"
"05875-4","+17035744522"
"04010-2","+14084127130"
"03915-1","+18183304775"
"18402-11","+12542314418"
"","+18174940267"
"","+18017544788"
"09560.11210-1","+15034043974"
"","+14085026671"
"02020-1","+12152533836"
"09560.11210-2","+15039672260"
"22390-2","+16615056353"
"11300.07700-3b STOCKTON","+12093901409"
"04010-1","+14083357786"
"11300.07700-3c SACRAMENTO","+19166684110"
"13385-1","+18189626302"
"18403-10","+12549876151"
"","+15719338011"
"11300.07700-3a FOLSOM","+19166684106"
"","+12819694225"
"","+18018538543"
"09560.02740-4","+13609757444"
"13070-5","+17033480371"
"09560.03660-4","+14052415039"
"10000-2","+17573838941"
"05940-2","+12036125849"
"06600-22","+18325329879"
"05940-1","+12039166820"
"04072-4","+17402003773"
"13003-1","+18063407301"
"01606.02265-1","+16502396009"
"09560.05780-4","+14582055305"
"11260-5","+15092034226"
"09560.03610-4","+15417828999"
"08780-12","+16263898032"
"08780-11","+16266570662"
"02540-8","+14084989528"
"20610-14","+12105985225"
"20610-13","+12108921122"
"03262-5.1","+13212154513"
"07750-11","+18175275267"
"20610-15","+12106931477"
"12280-9","+12107872603"
"01000-4","+12819407963"
"04227-5","+19095095666"
"","+12258193778"
"04078-1","+16514477205"
"","+18322711402"
"22411-4 Dallas","+12143804083"
"","+19494276957"
"22410-17 Richardson","+19723759922"
"16003-5","+17817802774"
"05080-1","+17148551164"
"06600-21","+18327357198"
"05940-3","+12036356832"
"01690-2","+18177177820"
"06600-20","+18324496551"
"01690-1","+18173308638"
"16850-18","+16786192831"
"07330-2","+17604242913"
"02548-1","+13072880995"
"20650-1","+18668001094"
"18390-2","+17027650984"
"01650.12601-11","+12819407945"
"18390-1","+17027650388"
"02500-2","+12084170310"
"20690-5","+12082781085"
"04017-1","+17062294439"
"01683-1","+14029519859"
"02500-1","+12084170533"
"04040-1","+17204667112"
"03960-4","+12814019554"
"Single P&S","+16088075971"
"01055-7","+18173801106"
"02530-2","+16122763155"
"08655-27","+12253690913"
"18616-5","+18016580048"
"04226-3b","+12038831644"
"22360-4","+12146665349"
"16674-5a","+13073631686"
"04226-2b","+12038836332"
"14475-11","+18017012394"
"03666-2","+15097784774"
"20690-4","+12084021163"
"04070-15","+13024648231"
"07330-1","+17604242613"
"04055-3","+16037345128"
"12119-1","+16788132431"
"12119-2","+16788132954"
"07330-3","+17609040118"
"13003-4","+18065761950"
"01505-4","+19187707455"
"19741-1","+15615375486"
"11300.07700-3a GREENBACK","+19165206519"
"12122-1","+18883956911"
"19690-1","+17327336393"
"13395-4","+18583751804"
"02530-1","+17634005944"
"16395-1","+18887780376"
"12122-2","+17042556262"
"08780-13","+16267689352"
"13815-4","+16265931166"
"23056-1","+18887248740"
"19621-1","+12817128836"
"16650-24","+16147675243"
"07758 -10","+18663225534"
"08075-1","+14042366152"
"12126-4","+19562840456"
"12126-5","+19562427756"
"11300.07700-3c CALVINE","+19166684217"
"09560.23605-7","+14253215314"
"03655-1","+19163827459"
"02090-15","+15596643523"
"23300-1","+12629120948"
"03655-2","+19169991218"
"11300.07700-3b ELK GROVE","+19166684107"
"07660-1","+13012448940"
"22360-1","+12148658772"
"01737-1","+18778852459"
"01737-2","+18777379446"
"Test P&S","+14156399460"
"22360-2","+12143477634"


"Products & Services Report"
"Copyright (c) 2000-2012 salesforce.com, inc. All rights reserved."
"Confidential Information - Do Not Distribute"
"Generated By:  Mark Delorey  10/29/2012 5:17 PM"
"123 Postcards"
